x1,x2,x3,y
-1.0,-1.0,-0.7231722897322428,3.849653738918938
-0.5956277035970268,-0.12410845097895029,-0.2942332758159436,0.11168838448624506
-0.1866750464495066,-0.1778403724907327,-0.8873855629851115,-1.317043349276036
-1.0,-0.6088791093583663,-0.8651006132888526,2.719081181882383
-0.09742849214919147,-0.011163831688300707,-0.7986199156622593,0.05970015843734326
1.0,-0.5689113859281345,0.19405365829244614,2.966784118944762
0.8650615602635425,0.9497452864101692,0.8794292076834478,13.001771897320685
0.023233579399752236,-1.0,0.6026661648201694,1.028397326375172
-0.883607116203768,0.5557869686779751,-1.0,8.746926512229404
-1.0,-0.6848838511063606,0.27081450413893116,2.021129695369228
-1.0,0.4182662008918838,0.3166092456330425,-4.4129220919774275
0.2862540949927366,0.07139800748425418,-0.4579190081435469,1.8605858969409161
0.27621302250617186,-1.0,-0.5032430656212044,-0.812818463747585
-1.0,-0.7662027809757448,-0.5842718012389854,2.6025872268891104
0.1940247442905796,-0.26612629087477857,-0.1606338648537189,1.4766563323733983
0.08718848228057507,0.9985017504103957,-0.19730610070329813,8.780402472526722
0.22064187793833367,-1.0,-0.6002417060250016,-1.4301008912957813
1.0,-1.0,-0.9364327311954721,-23.233586003138353
-0.27543007357579485,0.5805024125233422,1.0,5.465938382695699
-0.29928308469368603,-1.0,0.2712886077614487,2.761740792073118
-0.6446537012579581,0.5787394018979997,0.9140227381413848,2.9961909307143464
1.0,0.49547459651594217,1.0,22.6269373789563
1.0,-0.5932222819434685,1.0,3.1172673909689874
-0.48518838203207393,1.0,-0.42038407692590374,6.266338571831608
-1.0,1.0,1.0,17.469949411618273
0.4104601801360679,0.6128311620504718,0.3260567656003077,1.6101755259958024
0.34945810767444185,0.32607055769107496,-0.4969707672762316,1.097999031802359
0.48524247402753895,-0.11911131802713859,1.0,-1.805993839779254
0.6959496525977322,-1.0,0.41192594470051036,-2.2983332858674625
0.5432717214784528,-0.0455685408381985,-0.21807117571206613,1.258123968769745
-0.17326717364203725,0.9110238378614224,-0.5500703192306016,4.482220883880295
0.30990948168437304,-0.34633185806360034,0.33055127333488166,1.5257986483585326
-1.0,-0.24484594883963462,0.7694940891613813,-0.05943361314871844
1.0,0.16249212077961084,-0.009547627987040563,4.653921245636692
0.7237529954475888,0.5353500412193843,0.18074960571046583,1.9401557956274265
-0.3624483868702748,0.11436077605738348,0.027605013959208557,0.036899552951889014
-0.04865561766574156,-1.0,0.6418961217039878,-0.39171864372559856
1.0,-0.3049071026919923,-1.0,4.628463555922432
0.2411231705116188,0.03952611638768411,0.10697636924539133,1.2210691523517156
-0.851996447788439,1.0,0.4368135339699788,2.53069274801376
-0.08103266221300087,-1.0,0.35567431122614024,1.2164403816549498
0.29611092331952227,-1.0,-1.0,-19.718460832589187
0.43466982625114525,-1.0,0.7781228845321069,-1.5123662763219614
0.11869915627099403,0.13803146146921397,0.4965388544659861,0.7561060003805189
-1.0,0.6603929119557954,0.5520897168770886,-4.440675733209373
-0.052080654458683595,-1.0,0.34785586962966364,2.427433858761394
0.7745422184864004,0.6353144572079308,1.0,10.447763060905986
0.24224412701491005,-0.37253322764984764,0.2552737947781496,1.144604278487248
-1.0,0.591329144899085,0.4575536944081089,-4.525885962934956
-0.3097478602286161,-0.16374550530817222,-1.0,-2.357828911256651
-1.0,-0.961068774344207,0.07932559619415858,7.66410985023433
0.8054122477557941,-0.010218461672079293,-1.0,0.4917528122416603
0.3663573138942078,0.9138121195433009,0.04715246104465942,4.452719385306016
0.93639193382326,-0.7848938037376156,-0.33517962960279,0.35734295891102114
0.31005063622875273,-0.09307628150767244,0.6958598035715395,1.3289958203726822
-1.0,-1.0,-1.0,3.2449888046121886
-0.7380446674021937,0.7350230131939282,1.0,8.478163351739763
-0.45360990934673473,-0.9036205797850356,-0.30849177225112134,3.0737288541663035
1.0,-0.9917415395406892,0.2216990994177359,-7.337625716613196
-0.870459546127279,-0.807445476172648,-0.22316981916296852,3.65913610468937
0.09661942502900489,0.8364621837934458,0.8523157545549787,5.036301602681473
1.0,-1.0,-0.43427257666107666,-10.07168410663954
0.8460221955123783,-1.0,-0.8555339488285136,-17.003982885277278
0.35132633054872575,0.48958749924213074,1.0,3.100757710051194
-0.5931025711885751,-0.5055577157815179,1.0,1.8940878514902437
-0.5569342924698475,-0.10257828735535623,1.0,2.140198836955748
0.81101595504869,0.44139883205723884,-1.0,1.681519087776266
-0.2426530140862433,-0.0946026565764495,-1.0,-2.3693086599904554
-0.02933090049482434,0.65331238169333,-1.0,-3.5683726833382297
0.8528192180015874,-0.632284226981968,-0.7743272857351826,0.4144142366570148
0.7813328203120855,-0.15953251105601796,1.0,1.161732489007032
-0.8082836747943811,0.338900383278953,0.40425983066961413,-2.9036222329418493
0.05286003872529066,0.9159403909655286,0.47023551503434446,3.93982854862011
-0.9421552407439799,-0.9618730530591244,-0.040345633006081405,6.138750656622449
-0.4063540151049163,0.3972794854083823,0.6048873961249348,-0.11938918010144828
-0.6447380373379079,0.34449155005712195,-0.784062029311537,-1.1202132118771104
-1.0,1.0,-0.15928815343784453,9.715295306865277
0.046571170407623264,0.03504230234727457,0.40038824983446997,0.06375785676730789
0.17690462660343353,-0.5389029996788925,0.11290542612050514,1.1421088135734911
1.0,-0.6660878354820983,-0.33759610661698214,3.3799672415621407
-0.3408092175842141,-1.0,1.0,-4.219193015563641
0.182281212155198,0.2180606289232494,0.149443909438155,0.6025702801984253
1.0,1.0,0.7173601140623249,16.758257290998646
0.351671657201007,-0.05216183055495316,0.1695390972440851,1.8711440018195902
1.0,0.3378032192692342,-0.46001050957640155,4.925136205597533
0.5473268226611268,0.5543318803879409,0.43744799432899706,1.6098140671316559
0.09269411208338507,-0.8712852231161312,0.1474324400702689,1.7671332814232703
0.9433731916599017,-0.49407541073071015,-0.4001281314340033,3.096926460037244
-0.04210186131755744,-0.4136603196773474,-1.0,-5.638147034294225
1.0,-0.503654828673465,-0.8542549144116565,5.530943146436089
-0.25836860920993376,-1.0,0.5653941993833174,1.2204987446876159
1.0,-0.6773026168450298,1.0,3.0355280770936464
1.0,-0.9347005530827013,-0.9325231181292064,-13.546890720488559
-0.6209589657510066,1.0,1.0,16.313032110799046
-0.794485630227344,0.26283289508429597,-0.8769713058934832,2.637343612573485
-0.6939496836145542,-0.12924324911422302,-0.9229775196106638,1.3203077458287436
0.9726504848582436,0.9805065584553561,-0.9287241718494326,28.723369248145655
-1.0,-0.9419259264228173,0.22445091948260698,8.176280999891667
-0.049296137169680954,0.574559000020769,-0.7604523656435263,0.024101601814992546
1.0,0.21324302891951175,-0.3977985706717244,5.063018580779857
-1.0,0.234242577732777,1.0,3.550987466440046
-0.8717127822643562,-1.0,-0.9664048954235243,-1.0840605730858763
1.0,0.09508262344478591,0.21462213712524303,5.851713407976225
0.08439389052181023,-0.2902286194069841,-0.40534642226371953,1.3236278254188178
-0.0955915445366402,0.5105344840712511,0.06943148975006852,-0.15009408894030057
-0.16325235017785134,0.7753899241934428,0.4997592860396387,2.004929585837984
1.0,-0.3899122456580886,-0.39410876874306355,3.7031985436342647
-0.7965284538041237,-1.0,1.0,6.595803511349118
-0.36023173177404133,-1.0,0.5284964236139764,1.7759377962509486
0.04674307601220695,1.0,0.2400310980551943,7.647925698875732
-0.8811822599566883,1.0,-0.23820885818271043,5.645437602192832
-1.0,0.4730417703897625,0.25676953230117006,-4.478538726959696
-1.0,1.0,0.14277457671515914,6.518831333502061
1.0,0.987392010653432,-1.0,36.53499298296651
0.18909058006209212,0.3174194064804321,-0.9410981752487722,-2.175560875757699
-0.21933414909882942,-0.4470462270635802,-1.0,-4.270195575833537
-0.4796462787372029,-0.6388780642494432,-0.8841911933283495,-1.350879130430569
-0.7904568937532175,-0.26342467233098166,-0.56702750781918,0.5092682298747718
1.0,-1.0,0.029817213897326278,-7.87491815559785
-0.8224214854593479,-0.5104698157322387,-0.9777842433079391,2.8595452613969847
1.0,-0.2556622975381768,0.18625839496818664,4.854246478179894
-0.386167846994911,-0.06840079903341456,-0.11376420684865263,0.31662429332353675
0.5668554767626375,-0.551970813471027,0.8529365262101167,-0.4984224293901839
-1.0,0.20556712300703617,-0.03950351137586994,-4.640355766746676
-0.759741113466694,1.0,-0.002372918908031263,4.369282283390076
-0.48844208140877154,-0.7793521865079722,-0.4075942961297574,2.136456646335691
-0.38255909119186904,-0.12090342019963418,0.2577843721136257,-0.463827733688349
-1.0,1.0,1.0,15.841388078239929
-0.7743258280681795,1.0,0.877785873559922,8.967553039767
0.3336800253449157,1.0,-0.4532965492084473,10.779795163005105
0.34719640073443614,0.950027109408361,-0.786208421592473,7.6538121725059955
0.908244480301537,0.2095665480935347,-0.06590244778939724,3.0364962895536496
-0.04557080250030743,-0.0670084347151152,-0.18553502265339428,0.3342106111289962
0.646627966003015,0.39660228157298305,-0.8879249173735513,0.024910093139060563
-0.35552435653124737,-0.554021344776574,-0.6808965481540177,-0.2565918881737368
0.7795035095311509,0.5472933856996243,0.08821604869591626,2.1529817032512133
-0.7168460472671074,-1.0,-0.7714609098918668,-0.6768337056605976
0.11197437635794705,-1.0,1.0,-6.636791715448345
-0.3533941742408431,-0.19598936498678032,0.4795721606869754,0.1182551943339773
0.6673290153154237,-1.0,-0.2554331642861569,-2.5150018823559988
0.7221570813271965,1.0,0.6715305614778035,8.042571593951061
0.8894230913930234,0.6853731789050157,-0.2910078789579267,4.058674028105198
-1.0,-0.7353395497637238,-0.6029478404897501,1.0122440044449095
-0.8293498379273698,0.19935722452986648,1.0,2.6619238103991076
-1.0,-0.08625896342516848,0.530118714991151,-3.202423411770768
0.05640450445477119,0.11811260749679398,0.44848187210737467,-0.21384209845658841
0.9938009483430132,-0.05075253953184622,0.2736881072571815,4.604577399882607
-0.45838901333649495,-1.0,0.8131578021682229,-0.09279862561720832
0.6638795014810601,-0.4115307777628565,-0.5070553251309999,0.7860845966949523
-0.9184358685434699,-1.0,1.0,13.921358463308358
1.0,-0.4969964425633657,-1.0,1.3322223231540185
1.0,0.5018102603075942,-0.9492240509351086,12.024381366590188
0.048647488422026264,0.2868577937183798,0.2660135214488162,-0.1751240554260557
-0.4995755338086658,-0.3565627519925074,0.02758250811941476,0.21843511740339505
0.23126416525659743,-0.3599452115303592,-1.0,-4.545891509937268
0.808316451163567,0.2690368776551426,0.2658438333685593,2.9655165128052583
0.30882102262239,-1.0,-1.0,-19.95450468056046
0.8494956324964968,0.08876075294341046,0.20030631705093094,3.454116332090303
0.16361431228362777,-1.0,0.811893582139321,-2.8785694590159094
-0.8413538915761269,-0.6860145707292167,-0.25604261665050676,2.956868494508876
-1.0,-0.20070349799713538,0.09394640179638336,-4.124816373978156
1.0,-0.39322957227598,-0.18111954180026935,3.466721150338382
-1.0,1.0,0.6647442705032842,1.4476138562430925
0.5325200319274452,0.09692962574935238,-0.8674741220960824,0.6812856977284378
-0.29601058118093126,-0.9290201840190511,0.15752595184273033,2.018373635085702
-0.4507480363459897,1.0,-0.6987566224714199,4.0250798938725625
-0.9495677174569102,-0.4670338823305671,-1.0,5.602744420310187
1.0,0.7962721630605303,1.0,26.170494965870525
0.18446598473825682,-0.6419293570599847,1.0,-2.5726355072714036
0.11457089303483259,-0.9843961782931665,-1.0,-16.61787127279033
0.4205296340128508,-0.19422086418694762,-0.8972454189131462,-0.6815593394908034
0.9095029411696638,-1.0,-0.1947409490037908,-6.2179509218357305
-0.10694300788663225,0.9940853355547705,1.0,12.976657519977037
-0.05378750937667709,-0.04197930907909564,0.3541417666429023,0.7556547543956966
-0.9764563624285927,1.0,1.0,17.731671908124426
-1.0,0.7290457981173875,0.6879253706891129,-3.4089644995438455
-1.0,1.0,1.0,17.727881431761524
-0.263922465933369,-1.0,0.9125271060215174,-3.2121236083232163
1.0,0.7186739741441441,1.0,25.77298635935585
1.0,-0.37696772478123686,-1.0,3.9138692236427457
0.772656857222032,0.7943635207144819,1.0,11.536910027936711
0.4712678469095488,0.940331467633154,0.4533747560831818,5.264380099856436
1.0,-0.3661480802959145,-1.0,3.9003631376963996
1.0,-0.1349594390709179,-0.01710492751738424,4.461635041824544
0.3910286715254474,0.7700168167939483,1.0,6.785724488395891
-0.07673245053339772,-1.0,-0.13607801789044904,1.8395562071463203
1.0,-0.37733262543107426,0.7804562599256653,6.366887361840661
0.1965831516413763,-0.16416378365869977,0.42475820533939923,1.0766404565265495
-1.0,-1.0,-0.01069595547047153,8.156633091764382
-0.627934801730238,-0.6389231665384323,-0.6660353875740428,0.6075340235070277
0.7192402582775008,-1.0,0.1133632875070365,-2.202130993119196
0.15362530164906252,-0.5437377441519615,1.0,-2.1370036685370053
1.0,-0.7481250548019058,0.0715728693715274,1.8829251775164413
-0.9412946598048264,-0.1844165852589319,-0.6882298993704239,-0.0893780500453576
-0.430175054379325,0.3916592370213625,1.0,2.45740780563822
1.0,-0.20743046632652362,-0.6563672089836463,6.176123721454546
0.33621771572196923,0.11544976444542354,-1.0,-3.0356361591285825
0.7733722424055784,-0.2053486405704883,-0.06382217894467335,2.179278950188348
0.6651623426960191,0.011912189539416529,0.9092599278446933,1.6638285453833057
-0.9958275161381185,-0.33244617002618293,-0.6985101090846773,-0.291552577635439
-0.38693397995815837,-0.035095954305423005,0.4694639850786615,-0.2787577509969659
0.524556125466018,0.20227484861654133,0.05317800003735562,1.8069839604883433
0.08297930438993295,-0.6137534220739771,1.0,-2.416375437985294
0.43859381052656166,-0.3956958806696338,1.0,-2.6677963164837286
-1.0,0.5929061858180411,-0.45750465009609953,1.869962901479021
-0.6194216782688016,-1.0,-0.27299370315276694,4.820234122325835
-0.7096039510525842,-0.029136699903813845,-0.9569317698295692,2.0623960942683883
0.9419898235220148,-0.9460447926493467,-0.166039355315293,-4.3892424701634045
-0.1407077695800678,0.3828116819467522,-1.0,-2.85503727549694
0.15575142803043063,0.7019558170470948,0.6372906210683689,1.8660382833834075
-0.29805589813607947,0.25774944961008095,0.010203373683962624,-1.1899545397123035
-1.0,1.0,-0.04592041879949127,8.596260025860818
-0.012214405742662526,1.0,0.6908693780238129,9.492241325296364
-0.3748895623668038,-1.0,0.4447346028764796,2.2430959619763624
0.04270855477478763,0.7770615749207257,0.5618139468036312,2.1802401150066117
-1.0,1.0,1.0,17.80916155001663
-0.08839572291322062,-0.3832187244069969,-1.0,-4.549022739797044
0.24294065424672984,-1.0,1.0,-6.714478160256537
-0.3037489709915697,-0.058240168916571466,-0.4242879829686297,0.1536306683362983
0.8071699699191064,1.0,-1.0,17.719852135774918
1.0,0.2635246786406549,1.0,17.585164076779936
-0.10745519977090723,0.3041846526002554,-0.3855604918539952,-0.1585864617953238
-1.0,0.3267109257669947,-0.4946501097576306,-1.3835678109926595
0.8715177951086177,-1.0,0.3409701195210788,-4.550398096638461
0.4766338781164807,0.00833016321050395,-0.4491513692683635,1.0026874687053884
-0.928482021222707,-0.35941046656194153,0.2886472607991373,-1.3066435679967647
-1.0,0.6668378445893783,-1.0,19.729947418580718
-1.0,1.0,-0.09467410202197057,9.319054681848806
0.57654930038527,0.8986259619184642,-0.08230424909322154,4.895345578885535
0.6659863198800935,0.5178084545271493,0.6452657178087677,2.5385983364473845
-1.0,-0.2889793407447343,0.28759564353478906,-2.2878859325540484
0.21459913944201836,-0.4963353107262847,-0.7350317551805501,0.26489488891606777
0.4061468703810842,1.0,-0.5295201729655095,10.59291330562244
-1.0,0.41708553379411084,1.0,4.428732513248851
-1.0,0.45573652638930273,-1.0,16.530137125008974
-0.8882782182589908,-0.964585547894184,1.0,12.086831451525555
-0.6862922248719834,-0.7676378145813934,0.2126412066221326,2.5794325420627215
-0.2649963314562367,-1.0,-0.9116173183535186,-10.402785099392018
0.2611788307304592,-0.30140295682968543,1.0,-0.9657392311171948
-1.0,-0.7429137943354511,1.0,14.40205505953602
0.4899308781535592,-0.5130292853028928,-0.9411306596473417,-3.621273834889684
-0.5377083192293193,-0.26452556370837166,-0.5232496216075855,1.9937712952343247
0.7575567054742534,0.5332559769443781,0.5596335779599988,3.881586108545032
-0.030342671682373368,0.5949038707280137,0.29459360424204495,0.6457776911725306
0.5281822858471077,-0.501666277755016,1.0,-3.41560281265701
-0.17448748762315103,-0.16176657024033725,-0.8314774485772638,0.38773546896300004
0.6324488687853762,-0.1292477765701987,-0.053405183468125283,1.5605105347867803
-0.6573505457065256,0.3222412797861889,-0.4154470699247228,-1.36356851756402
-1.0,0.7697220856476537,0.20029322111134795,-1.271721800051626
0.4253246226918461,-0.4217767777223336,-1.0,-5.812643194041413
0.7558916652064893,-1.0,0.14946432659789677,-1.9128867510401633
-0.47049281460417336,0.16163062760063363,-0.1183147145695691,-0.8703421663296628
0.37675215170125,0.28092965073901843,-0.4172220513468674,0.4388179794369341
0.3449543379313398,-0.8818246036184765,0.2619367663963563,1.1348073439677475
-0.26318374550226364,0.6620697310978514,-0.14066150252572296,-0.5299784492093564
0.17883302800951384,0.3985593137639232,-1.0,-2.3718805444856854
-0.3031667622275487,-0.7478802002520157,-0.13972456388747,1.4725321331748196
-0.6586490519734689,-1.0,1.0,0.2863894028116971
0.16210757252512065,0.24279491854279245,0.5381246335354501,0.6914617004475556
0.01612750213428016,0.06112915132772012,1.0,0.011310042054206715
-0.07615722434314143,-0.3737863906040704,1.0,-0.8108875779032232
-0.6026749058931127,-0.33235704645173403,0.40047226118047163,0.9283548072182696
0.055014013097197,-0.3608307991285531,0.725244513895924,-0.26653771801149767
-1.0,0.2617000375741978,-0.583742315821203,0.4539880583221429
-0.823828093625079,-0.6058916095787026,0.5774540546214786,3.1612609797687115
-1.0,-0.8949435974917008,-0.3451924936274733,3.5773045309706446
-0.9175713552496314,1.0,0.604011190811311,0.7385584342424941
0.4145624934699368,0.09766884907508833,-0.5070230066727914,2.0655653934196456
-0.32359711911088107,-0.7077728324736958,-0.003640424091156058,1.7566540009296254
0.11273277130560233,0.06884181104514031,-0.09288857728260891,0.3288330036693312
0.32079114059344493,0.07435093333120468,-0.1047661606307786,1.3309018222572178
-1.0,-0.3179103347056582,1.0,5.857603132849563
-0.10315125560030802,1.0,-0.0329714047189702,7.6139951451803976
0.888159866594733,-1.0,-1.0,-29.029103894257396
0.332278672020345,-0.9030717087828852,0.07997033103573492,1.2520969021407953
-0.27302936359783603,-0.41690918254713005,-0.4886674054406732,1.0493227648977703
0.3898483889946427,0.009366336815601395,0.06638531608498299,1.1756130171239665
0.1379109148589941,1.0,-1.0,5.0707546563557955
0.5235790475742248,1.0,-1.0,7.399355849840835
-1.0,-0.05488532488210085,0.8973335554528457,0.309512536661323
-0.48555620338336514,-0.862466408776025,0.44433470790667884,1.8906439844976008
0.06472136537313622,0.9441186578565861,-0.6551809923927807,6.870600617615314
0.5370631476194252,-0.5114714198823473,-1.0,-6.548855408674528
0.13757109773466025,-0.9153212476631905,0.6575626215209518,-0.23007452039874213
-0.026434019710074086,0.022547527360601505,-1.0,-3.863209084928452
0.006472714583424688,-1.0,0.015619724687805148,2.5419209266835776
1.0,-0.013721463049213511,1.0,12.079144449017399
-0.8225930093205682,-0.33484096914988637,0.009406504612463173,-0.6099618451450464
-0.23948171182593936,-0.13100927471677104,-0.38929083949473653,0.264843793922483
-0.12973313011543808,-1.0,-0.22032042296416776,2.7955474715886295
1.0,1.0,-0.9695096882385945,38.580336828846086
1.0,-1.0,0.48922362296327715,-6.580783964938057
-1.0,-0.21464626340726345,-1.0,8.205039550585202
-0.059899667459975214,0.1272567661640469,-1.0,-2.434247693047606
0.3582978366015148,-0.3955019259836332,1.0,-2.1737143021390444
-0.5922868333972753,0.0741291066537435,-0.5792376207854857,-0.7849465379950716
-0.280800322745137,-1.0,-0.6897839231100797,-2.409260561111737
1.0,-1.0,-0.5109948680235514,-11.170075172416732
0.10277003884108438,0.11410240610306666,0.10152004944237492,0.012923480553754252
-0.05777358036876379,0.8791050770382793,0.15543284456473727,3.517723742969864
1.0,-0.22941735783296924,-1.0,5.380415123631799
0.9436313679551891,0.3699299707620498,-1.0,7.212305496603381
-1.0,-1.0,-0.22221816793235716,7.171848515919907
-0.06589515175859173,-0.7904444019472732,0.029594795288879094,2.38043623842096
0.8184739017120655,-1.0,0.7892099662349505,-3.478127119295667
-1.0,-0.20978995476322315,-0.5836219249297474,-1.247293771483529
1.0,-0.8614104094552317,1.0,-2.8060760825325617
-0.9205028225650351,1.0,-0.5543239605376338,6.976645810833539
0.6107747358285351,0.12254570277251142,-1.0,-1.3477450827231916
-0.9949515596774912,0.4644163283550966,0.12159820054287507,-3.653856253733536
-0.7003535280833397,0.2631824316605027,-0.9731289729742887,1.8161254178554298
0.4915712633175995,0.353873068763215,-0.1753690070609475,0.7474794655291079
-0.9275314925553331,-0.9202041234778331,-0.33777493835598604,5.818356711686614
-0.08180303841787295,1.0,-0.1640812334427455,8.648429853120868
0.26561337104425364,-0.018519960693606174,-0.23325805663899035,0.8590735615282064
0.6374911789420443,-0.6513611310122638,0.11250796357069803,0.23278345262384859
-0.9252898553700397,-0.20467798131744686,0.21355036858874565,-2.5909361102634767
0.4566433131268546,0.9631981967433312,-0.8000339526739657,8.210235688105785
0.8556177855756628,-1.0,-0.7332247899528632,-11.963285922231641
0.4012386624408564,-0.1011279647981691,-0.03944419665650356,0.8502011709127225
-1.0,1.0,-0.7908437363345591,14.614683540281655
-1.0,-0.8516496912171498,-0.5217604656193202,3.561390463258994
-1.0,1.0,-0.18899987264015938,9.885627071842974
-0.5880339825825696,1.0,1.0,16.102755072885618
0.3143261758841833,-0.6127366436479904,-0.875397106461363,-3.0423875832418856
-0.5122001662986155,-0.41507301996961976,0.09808141536399817,0.1097720278399772
-0.7123838385249734,-0.26480030814768774,-1.0,1.9453924097155726
-0.08831558390848038,-0.5658421922425614,-0.8229154935715639,-1.3580147481119065
0.633631447536658,-0.13405492042868694,1.0,-0.06544073221173136
-0.20875165244785365,-1.0,0.515008850225622,1.471826112574341
0.42366226753635017,1.0,-0.1185575818793767,7.786338587999736
-0.2910777025217661,0.630770275162069,-0.2636384142874364,-0.6630381319956511
-0.5647043682589639,0.34391214895958044,0.4998386401050263,-2.29601206726724
1.0,-0.4990416773466273,0.832852720682449,5.653861158040779
0.43169518301329624,-0.06300836804783572,0.8938052578500657,-0.5524468784923133
-0.6459006520362476,1.0,0.8442903879427115,8.885248664239706
0.27577066496996383,1.0,0.6375067201378923,8.270607262591708
0.5565963369824536,1.0,0.9775673014432928,8.732908514978188
-0.43486581572779426,1.0,0.7945514669096021,9.484223456160713
1.0,0.9166807055182626,-0.09325479669862213,12.087431879637773
0.12879885390681123,-0.23212008358866898,0.34924099934018904,1.3477582125947019
-0.08316695997389245,0.9002634186719143,-0.9605571940211257,-0.6634738462357574
0.5223648951414592,1.0,0.4077678406389176,7.491384534341243
-0.1665897795160447,0.014107124891669098,-1.0,-2.607613178873441
-0.06370701236708554,0.16756928771705448,0.5188189183044456,1.0223470876616696
1.0,-0.43595005608548076,1.0,5.59286267071321
-0.8426443353395727,0.26977734902844097,-0.22845333041516258,-2.3913751539801034
0.7769744539201671,0.9952380498285869,1.0,13.73732269359765
-0.3559329477765054,-0.3323045691752933,-1.0,-2.2453639570599626
-0.009716860634280122,0.33972073566747185,-1.0,-3.6355209845197467
0.4872171543284902,-1.0,0.13200339137722872,0.3565215692063055
-1.0,-0.28545568682162936,-1.0,7.331158835294547
1.0,0.38560571802661747,-1.0,11.258452773732994
-0.8429249755164547,-0.5697977289571678,0.08372083258394025,1.036004774917209
-0.659390622421393,0.17059123191018677,0.8351678339545767,-0.688288656476537
-0.07456415444486963,-0.27315425310124586,0.6981328638922317,0.5711401322661508
1.0,-0.6926582164749504,0.3163973688634709,2.1002612348943503
0.11286076418021085,-0.3560601676654336,0.2899449225010404,0.04208600614079383
1.0,-0.940228025328901,1.0,-5.805452204182013
-0.2552150376586677,1.0,-1.0,1.8948506905949367
-0.7313596652645611,0.1399673486326234,0.012114784696891867,-2.918627914588826
-0.743267508614345,-0.9827389990631807,-0.5318771269107228,3.312970427250262
-1.0,-0.9144312490134248,-0.32678361633642705,5.579731763394808
0.6421557684344787,-0.48502621579086336,0.14061903027848777,0.6627409881512287
-1.0,-1.0,-0.4756981396505211,5.528918827063753
0.8372605366464536,-0.11745747662770256,0.7807510754452942,2.523978627592067
-1.0,-0.08453615671586334,0.715911454995888,-2.043741513714965
1.0,0.2288482533064804,0.854527993540096,12.448149453811741
-1.0,-0.7126277893713122,-1.0,4.441075262284359
0.8575551694926111,1.0,-1.0,20.684351463827934
-0.5424807873781528,0.9310936233051004,-1.0,-1.7212488900849339
-0.76042928413415,-0.045117491517353336,0.6853406532614272,-0.9278973459902932
-0.6900258543957025,0.026260361072302896,-0.23439646392574476,-0.6897781919311663
-1.0,-1.0,-0.19312458982476932,6.88536441842919
-0.027575972304395124,1.0,-0.0670890385264371,7.224398527630605
0.8420027017053249,-0.8020763096308621,-0.007637556256072209,-0.08749859032185123
0.10120920417629531,-0.027468947371743324,-0.7518693845097355,0.7511599973494743
-0.29925079752594286,0.09749018842488644,-0.11209526562525873,0.1639775465401342
1.0,0.4683439608004525,-1.0,12.612645807327292
0.06757875103776811,-0.6637303015150866,0.48350369483873834,0.7989058925938863
-0.9254853649382704,1.0,-0.4758758538078407,7.675940093509834
0.3488668035996718,-0.7398127276082525,-0.20962062715797236,0.4982906018024509
-0.4019408512381957,0.05193650197199218,0.7003891934869879,-0.831980703252126
1.0,-1.0,0.6609857022051084,-6.5309037229183655
0.43543806284273545,0.49977796688692067,-1.0,-2.7860309823738407
0.19828116507758797,-0.6230980801892967,0.13768685461927155,0.8025475009577617
-0.25263308538071505,0.2935776111538735,1.0,0.6887549412028966
-0.694496167456756,-0.4615123098450338,1.0,3.556407974411218
-1.0,1.0,-1.0,21.301029283831355
1.0,1.0,0.3343247726544851,13.27501791598486
0.6457718168292514,-0.360767976006797,-0.2863920827480524,1.2761032389270948
-1.0,1.0,1.0,17.813343346592248
0.2623343169758414,0.5105617084849281,0.5078052347097213,1.4777564507474563
1.0,-1.0,-0.731446239124923,-15.227788714792124
-0.6731325188729036,-0.7492439149779488,-0.1018103763267364,3.0447205045457926
-0.28513618703600185,-0.9340556835786529,1.0,-3.9979891304604864
-1.0,0.6286000343089386,-1.0,18.733224668879508
0.5126024501837216,-1.0,0.9697130656608748,-6.38613477767138
-0.1641804973238108,-0.0005518007937579394,-0.08442354160445253,0.7206743819626416
1.0,0.38396765818685896,0.34346175316932537,7.335166045046072
0.06639319301666435,-0.3292747248119696,0.8221264356727174,-0.1592956524409567
0.23596595216917038,-1.0,-0.1954672838155742,0.7643666212554254
0.05178867540487775,0.8103173442859806,-1.0,-2.9448555847311577
0.3403650937240519,0.16497733593372899,0.6879119885851868,0.6763557836180448
-0.42780719024682234,-0.8895277686308518,-0.6159932149876699,0.1705559400481288
-0.008654819676546799,-0.2953947713269889,0.07027200312852488,1.5592572380541447
1.0,-0.28479768923789406,0.1396044768727387,3.9651830600307165
0.08107852986734398,-1.0,-0.24438095690944972,2.1397824461976667
0.40062422746876347,-0.5077787325078587,-0.10034840489384877,0.8227625211055918
-0.2326087711089737,-0.2548736470589348,1.0,0.5416130638571902
0.4886609170893019,1.0,0.5067482745397189,7.356414357634438
0.24544277725056363,-0.010967663940484318,0.9759057588985101,0.10119446677758792
-0.35512339196737663,-1.0,0.9429915521922276,-3.6069550663827106
-0.24339765111837486,-1.0,0.615742146620702,0.18527140650623408
-0.6439823220890466,0.44234840110648377,0.054882134865438026,-2.4924237445104427
1.0,0.620707700610305,0.6140995957370379,12.577161693909286
0.6266714385888887,0.5314387149133639,0.8810226102686767,3.4135691994481094
0.7373056859953817,1.0,-0.1297939995325652,8.60963711541802
0.6421323282445532,0.9937410521243035,-1.0,10.371346054603858
0.3472255888978675,-0.6836540796336112,-0.5219394713595173,1.0799994652826854
0.8954512665877088,0.7249154151828592,0.9010417927515926,13.447095535687543
-1.0,-0.3649584208746661,0.7535754777789758,1.9877515128264345
-0.22583527117017743,-0.12047420550951404,0.9898871104697822,0.9803561077159149
-0.8546695135088032,-0.7344573420516771,-0.5649112045537537,2.581327907647913
-0.1950271503541372,-0.4340993767562864,1.0,-0.6847795774988531
1.0,-1.0,0.12276524528256338,-8.001755668575388
1.0,0.16750439480317625,-0.28640574248663353,5.152074396154238
0.04908163963556711,0.506803206939614,0.08651412285850602,0.5391983526578946
0.9494532230294708,-0.08172374223771062,-0.4252514474059992,3.2278188289192395
0.5427969760344886,-0.18003817260403965,1.0,-1.6591493058456428
-0.39866682901209227,1.0,-0.978598387338568,1.2778100212098369
1.0,0.29438540637549915,1.0,18.44645301206175
1.0,0.9714445358967669,-0.9934855211269793,34.86700766054767
-1.0,1.0,0.40886575252571244,2.4001012442492256
0.5478483140838872,-0.31302282356338007,0.2525948928836137,0.8784191930274998
-1.0,-0.7363254676520294,0.10650173363660942,1.4627716659449361
-1.0,-0.6297818668796649,0.6098965554387874,3.8783824841555505
-0.738076814820507,-1.0,-0.5824597281878605,2.335861243823009
0.9858421551625716,-0.1894204639034336,0.41640565072707747,6.076419406222412
1.0,-0.48128988089929203,0.6326236649180181,6.396700514642281
0.9730871245156332,0.37738475792807336,0.34576673942669744,6.439296664254546
0.14522817479314343,1.0,0.022368620252016802,7.715675931849682
0.20004221522171184,1.0,-0.3305390869487772,9.776006248402696
0.09720772016177226,-0.5640782504098816,-0.09310921480131285,0.74227194602396
-1.0,0.176004919496896,-0.7936672322717542,3.350719129692321
-1.0,-0.4955276346241353,0.4658078623872781,-1.0526585742327308
1.0,-1.0,-1.0,-29.92394432680316
-0.24511411596717236,-0.20819140908863276,-1.0,-2.8285301035168464
1.0,0.2364274555431749,-1.0,10.31120888611887
-0.2802030028571276,-1.0,-0.34608290710819234,2.526138009062364
-0.9117034612408317,0.09312222177434815,-1.0,8.755344577510387
-1.0,0.1124208830692579,0.09046587988380606,-5.266778144228462
0.6800854292994611,-0.546497992801475,-0.24406241092102254,0.3305233792755985
0.40232495140201263,-0.7658091072117437,-0.7050841768117926,-0.9359390958247934
1.0,-0.02931821453720085,0.9789483449671805,11.682033384292989
0.2311571909228578,1.0,-0.25047793480415503,8.950827464633742
0.42810644700568834,0.2747194454006403,-0.574854524101311,1.1986979087172738
0.08615598945513736,1.0,-0.7849277131837389,9.958324782454078
-1.0,-0.3144361027583249,-0.6151402507127635,-1.7917021340805843
-0.6632900314583758,1.0,-0.7299596787681626,3.0895832872106497
0.26649363729025444,0.5271454295891993,0.9436689036338386,2.382936520064969
-0.4364347079700275,-0.22387064571562143,-0.8375194727152313,-0.2266014233216006
-0.8988143557017454,-0.9075309806896892,-1.0,0.4375292038283598
1.0,0.9200858313947853,-0.27163398209507195,12.339717772192111
1.0,-0.7142248121963874,0.4415304382841514,3.269049176155871
0.4783149066975567,0.5198080990607934,1.0,4.246353498803606
-0.4592963721544858,0.05871821272840361,-0.7479916391039265,-0.7682555536614056
-0.7078391138480415,1.0,0.5132882281045594,3.532070859252632
0.5187982881333657,0.2645957331281803,0.0951598038797814,1.5271190073235685
0.07192305833611079,-1.0,0.5349522791112071,0.7633420407825932
-0.1980529365445427,0.6483801241492848,1.0,5.625537496219989
-0.6857499754899101,-0.2784912514602569,-1.0,1.5802546642711799
-1.0,0.05511677164220208,-0.7425974090639611,1.685719616169154
-0.13026187004460077,0.5443318033526197,0.5524024692760865,0.5504911844744451
0.5036648602968181,0.05743461532257066,0.5621383165240452,1.5593749510428494
-0.2504587752231686,-0.6526794173326829,0.08342735330345619,1.245906685261721
-0.9160276145835495,-1.0,0.31786640458355864,8.581294526685813
-1.0,0.6696362025513176,-0.7265184337323531,7.449780130614693
1.0,0.5866737448301365,1.0,23.236490012233276
-0.7707423008031737,0.7634797079943161,0.08108892942822465,-1.8604764409462737
-0.6779626522597673,0.02446110070304086,0.323633843847712,-1.1403104294425943
-0.3332646181364953,-1.0,1.0,-5.018122053790436
0.5147512570522446,0.3434178252104394,0.5845516530913695,0.9015920037677145
-0.311656553878211,-0.15673595548222052,-0.5139691696726896,0.880447817331384
-0.12351665308919868,1.0,-0.2673001468476739,8.17836377281104
-0.0338574999719532,1.0,-1.0,3.1035434337532806
-0.480817685986362,0.9903834817865871,-0.512389826944647,4.334770775303338
0.5509388954916166,-0.870241407226656,-0.6836877097173093,-2.2643098828313053
-1.0,-0.5807442614166125,-0.6181043252250049,0.30101005252408947
-0.3361627536252145,-0.12401463963894299,0.9432840003119365,-0.14207665070220876
-0.19068519544915463,-0.5545888411075923,0.32049551294406164,1.3044390190104278
0.21088181187115596,-0.38072634122836546,-0.5237733537097244,1.1759322215521475
0.24296742371993596,-0.04413524920672107,-0.3233586104473456,1.2608194068905432
-0.2416683364863752,1.0,1.0,13.992880443923557
-0.227693895461909,-0.866998244462168,-1.0,-10.043639035920739
0.07707584612085716,-0.05896375313537017,0.6063680156321134,0.6342782495277164
0.21707138835033457,-1.0,-0.12014802583833051,1.1012552839635013
-0.16724909261586607,0.3519666915848072,0.4805483093255245,-0.00775823091364472
0.4696013077739465,1.0,0.18506025247113445,6.675816443038049
1.0,0.3306582901277335,-0.8736171928098344,9.368814305668451
-0.33032233935998856,0.799854282782698,0.5718958088412891,2.6062796320822192
-0.20888057726767384,-0.261108226463141,-0.36235957395710594,0.006024797179412733
-0.013315232875526162,0.6793205716324355,1.0,5.549312003530535
-1.0,-0.8700694056183127,-0.41167715729897947,4.211256694127853
0.007617893344375126,-0.41352057864152414,-0.7756389264063535,-0.5098604757894185
-0.3302912940592764,-1.0,-0.6117826127633095,-1.1692950037031502
-0.7070906870766374,0.44360483435192233,1.0,4.319825729595932
0.29302766935193514,-1.0,-0.4560233173224315,-0.43762825803813615
-1.0,-0.4153213075388953,1.0,7.533325750384156
-0.04142334124347968,-0.2828022821651355,0.6527399089964963,0.44817121181850117
1.0,0.12441599238238976,-0.41962533539751656,4.5539916116769765
-0.5945391935945965,0.3591604289928514,-0.3210495648580616,-1.4540875051060347
-0.8858234059497299,0.7698525385531072,-1.0,7.8510966142166865
1.0,0.8149238519672191,-1.0,20.41256897943348
1.0,-0.02753979543337759,0.7764021347472789,8.690582674467574
-1.0,0.1324891569290767,-0.9372146165012223,9.13579541670852
-1.0,0.1806318065236241,-0.3204181347841206,-2.8757543239179313
-0.4328454596261029,-1.0,0.46527678290187113,2.582848602769506
-0.8248005805312348,-0.05288179919218994,-0.41031102663510177,-0.7161470794186676
0.7547031120535683,-1.0,1.0,-7.487033227752956
0.33551259645311227,0.5930257703181789,-1.0,-3.4811166720095246
-0.3657261870015267,0.19066192633057066,-0.7159330384018474,-0.21394101355468248
0.32532576358305576,1.0,0.5047810746750168,7.003040468419927
1.0,-0.8526790459191242,0.6736292346762389,0.19521836201182652
0.06356614436044028,0.7761691076852557,0.1780860826389814,1.4972565705810712
-1.0,0.41529351716791574,-0.403182684982063,-1.3861130747264698
-0.8633173096460682,0.9481545266666378,-1.0,6.460608768555426
0.5156076333702373,0.10520199130224994,0.14477538674194923,1.7576320135561363
-0.2943270434662173,-0.9657520779246118,-0.28821851811517796,2.313916070559412
-1.0,-0.039054733022347854,-0.9516269349715278,8.300528706685247
0.9901663616001812,-0.5581521972567725,0.9678282188145848,4.4520087247015265
0.7303577509623904,0.4777715049516753,0.418966365825028,3.0829366758177024
-0.3597027776145274,-0.9603348777666503,-1.0,-11.691595275500323
0.20956961675846708,0.5559916669462857,-0.020165846627106854,0.7250676277117039
-0.986164748916633,-1.0,0.6976185053825801,14.908207736160229
-0.617038194725454,0.7443150880915459,-0.5220973593631231,-1.1939255484916047
-0.5763464758678227,1.0,1.0,16.210767398112505
1.0,0.2668981825386061,-0.03978314913367531,5.341995487600277
0.36773115822274804,0.4310268982486667,-1.0,-2.2746139545737503
0.18250740468295445,0.510951282167895,0.15036712563253207,0.7589443911935725
0.04140779865301414,0.3466154768993561,-0.6504555937633634,-0.08477376257107971
0.5138984095491081,-0.02736442830132324,-0.09820422936777207,1.9154803899430695
-0.10878532469343849,-0.2749164009635905,0.8937037579509766,0.39415100218537447
-0.48527180313418583,-0.29126637893453333,-1.0,-1.6147565530667316
0.6302619391182593,0.5794489449700839,-1.0,-1.269620700197377
1.0,1.0,0.3098256145432574,13.33333069058113
-0.3909017115454476,0.7275081026766932,0.7282303772218435,2.0235272467808074
0.9759028556659572,-0.8188652970731116,1.0,-1.5880367312769572
0.8137034728037924,0.5468468728170917,0.6076217245643785,5.250632561212299
0.20006931633015856,0.6156783024943069,1.0,5.004744322193919
0.1713418924622927,-1.0,-0.9523467228360905,-15.21962629957163
-0.8420893564314127,-0.4131869551727174,0.6253937448333879,1.1785610064333207
0.791145978483853,0.542064294166166,0.4391243614894662,4.075926356256414
-0.7846967200943575,-1.0,1.0,5.1811246565439415
-1.0,-0.49186254663585394,0.45154741031436996,-0.05442756665251346
0.03326762653708326,-0.15482366809544557,-0.40268153077571567,0.8932118518060391
-0.19607775397249583,-0.01716766707928641,1.0,0.9484328763924067
-0.12918724058375552,0.6514027099801627,-0.6280350405819382,-0.05845205107038118
1.0,-0.09529130111513084,0.6861702797386022,7.765429451968713
0.8744267413942128,1.0,1.0,18.69688503641333
-0.6611558861859048,-0.5030758375473501,1.0,2.89846266594615
0.037243045185652024,-0.43230524942444526,-0.3917729038646778,0.681971448916745
-0.6225540760453623,0.22723241876256495,-0.8990415674742476,0.07471623868053662
0.08154963199433451,1.0,-0.2815543799082223,9.258787905217527
1.0,-0.01464397119847205,-0.46929762170044675,5.521450012229728
0.06974083932566644,0.16268538515108988,0.30880424915112203,-0.10660256227253784
-0.24499947563064306,0.44067524618907217,-1.0,-3.8422427432347797
0.004234508531978376,0.6520436557618752,1.0,5.941773078784021
0.7905964120017566,-1.0,0.11684404879725152,-3.149902046472882
-0.0061748483269121746,0.5665898455981266,0.28437565813016996,1.3000161351202628
-0.4359999789285258,-0.12764746877838018,-0.9832598825190271,-1.5221708855240406
-0.8246916430968023,-0.48075815705879954,-0.25866795564536127,0.9542065797493964
-0.07043413161703982,-0.4558016180725939,1.0,-1.23740394776938
0.19503472727266558,1.0,0.042452289451385905,7.6512002741692475
-0.523220125296159,-1.0,-0.723729254405058,-2.147643546933276
1.0,0.22883265818403298,-0.27305434081843627,4.43097288609761
-0.6990245451284072,1.0,-1.0,0.9762271483400273
0.547327673575611,0.24792058803071226,0.4892958127637894,0.7940852966602312
0.11075395275609456,0.6467875347168563,-0.02038809291352872,0.24149833237327167
1.0,1.0,0.3237879546542639,13.669227642121857
-0.5481597319431541,0.6233973173986385,-0.462225255554636,-1.1909375783658716
-0.8252496846621222,-0.2748324541769731,-1.0,4.4173925778777
0.0480412783543005,-0.32810349490292845,0.3702969578168147,0.26646002295667637
-0.12128852118387634,0.47030814870382853,-0.2040803298507603,-0.14746708654217894
-0.631554101318007,0.4495038312508972,-0.3320163542687111,-1.1401970442441942
-1.0,0.38160160098817664,-0.04202873010110242,-3.506247490084313
0.9071529969091008,-1.0,0.04365075725915735,-5.1690929851984295
1.0,-0.3161347611280383,0.1296968165675012,4.74431324043491
-0.24033994615130205,-0.6734288278631921,-1.0,-6.045237330478451
-1.0,-1.0,-0.6628129292736511,4.122756985984795
0.9560494745344637,0.3112330752149506,1.0,15.627729474570573
0.7080134099119277,-0.3314885891972068,0.46559404623535827,0.9478020523769091
0.6102997290353513,0.46798699685826395,0.05388766815862245,2.074057714346929
0.7821319305986072,0.7737859610212381,0.3891523920298383,4.160782774800156
-0.2655486769776694,0.5995291505293134,-1.0,-3.1064866483404483
1.0,-1.0,-1.0,-29.320919230553077
0.11530380450203759,-1.0,-0.21609744613151283,2.4968233573337595
-0.10226217682337513,-0.03974410218427171,-1.0,-3.057392924995
0.8639593823243275,1.0,1.0,16.93667866551604
0.6967287599856888,-0.5267345364616376,-1.0,-6.390860389157184
0.6138081439622773,0.3668843807581772,1.0,4.486362652896256
-1.0,-0.8099569865291851,-0.9824468030279889,4.00441030115215
-0.09429228976893289,0.21888387078785798,1.0,0.7611077315600085
0.9825993654960699,1.0,-0.0602516233638104,14.021800649756585
-0.35205242510297463,-0.1445940334354816,-0.17699739229138167,0.21455030182556706
-0.07797761795022873,0.21790034042755457,0.7189075038897592,-0.4470203289323222
-0.10373109503994948,-0.8735464117748524,1.0,-3.560969458932526
0.10471165019780315,-0.5031879444178686,0.2933454372832729,1.0806107611075322
-0.19509683832375968,0.09284609768055407,-0.19290318000342843,-0.15581670150916332
-0.11017759971767349,0.016550105417821204,-0.6444054717609249,0.3272319164339824
0.15858167068539375,0.4271899964400634,0.12228493771281612,1.2349209943583797
-0.8098161925802745,-0.3087461685761932,1.0,3.7578531209207817
-0.22445974920023382,-0.25219908102610034,0.31353831186362213,0.13472850116710497
0.099482250996755,-0.2718437508790619,-0.8357243578513944,-0.505755348742267
0.03344625971514947,-0.03587689541626227,1.0,-0.46759241405616253
-0.5907519030346029,-0.06931319253538382,-0.8345985439255657,0.5499667272951978
1.0,-0.11247625221917579,-0.002851087808592556,4.39265026945326
0.3429031275603014,-0.45313211297162215,-0.7428286014044245,0.2509597465483455
-0.5060506832978984,0.778835808985163,0.05066228157195929,0.42884776202153074
0.17822516337177308,0.3538863230326623,0.0691221128880366,0.029468487895991546
-0.21402238141458518,0.9688683452226403,1.0,13.257067205851953
1.0,-0.9681549796247104,-0.624844422045419,-8.668365732741927
-1.0,-0.5562135786592246,0.36642253114608025,0.07318134973636858
1.0,-0.1441132024679046,0.5926763862290068,6.894836770724483
-0.8458361523961178,-0.6138085296106262,0.5677885574636627,2.8737480995267375
1.0,0.16344048696765334,-0.3472377212017934,4.865799784609332
-0.9539217963368278,-0.4544760760103985,-0.10774242688889535,-0.6150640799218334
1.0,0.45885379519984015,0.46665153898229605,8.343463444970002
-1.0,0.36157985986247976,0.737526728476382,-3.798612821827271
1.0,-0.9581169787600607,0.5108999451179925,-3.9151504601620695
0.3998331539699225,-0.5875787989485584,0.573963179966871,-0.009257708751301164
0.881253638442246,-0.16908483816321418,0.48386496311721694,3.3504418082986933
0.2572809817268813,1.0,-0.7831946705324191,10.195442048702118
-1.0,-0.7107126729203397,-1.0,4.92288482138192
0.7551881725164,-0.06443255928458491,0.4925237572624954,2.1726252299843565
1.0,-0.5304536326852605,1.0,4.237098094504066
0.11996542142023192,0.5801920667851532,0.2247401137895897,0.5819667761386167
-0.9339979083094463,0.05834716885015223,-1.0,9.694275505178414
0.9477679968419863,0.7511587172925813,0.33649296575594745,8.051212403284284
1.0,0.46884799394803167,-1.0,12.312894331698475
0.19513429001985738,0.08553170006498556,1.0,0.31091032329355084
-0.9440721945470558,1.0,-0.3422175809499486,8.598995404029953
1.0,0.11854413232939631,1.0,15.042397846635636
-0.335367451888573,-0.35911399525073295,0.0787294397861027,0.9084341749035096
-0.3486570082753111,0.22505630627821938,1.0,2.052900089573098
-0.9759296491924638,0.3848896073947181,0.03542701020004868,-3.8413286073008845
0.26245407545199195,0.03382810634267264,0.5100769644681915,1.4447806490905586
0.22354768969346583,0.003474453451521864,0.09254894980994166,0.49037483504818613
-0.4206144083364356,-0.3090111395940107,0.5374476328378999,-0.33767430870093346
-1.0,0.9836226813326352,1.0,16.905241627101265
0.9013530282033269,1.0,0.1597689240113982,9.7790045521499
0.2571897048989309,-0.44372706099917814,-1.0,-5.415946834887243
0.8587316929702988,0.40857489482554743,-0.6323213035087014,3.060532338738055
0.8800999519314874,1.0,-0.774638418336451,19.729309817952707
0.40860681285866307,0.5992854425599952,-0.7303636408333296,0.47506035685155734
-0.7679589722188811,0.6422891383063118,-0.5954335029702549,-2.750862339615881
-0.4062115402225748,-1.0,-0.8714030573291565,-8.005784070419942
-0.010294768469839344,-0.29107684961887337,-0.002074518495044142,1.0635292944929153
-0.09139288645146637,0.1451970445070554,-1.0,-3.1014134414548757
-1.0,0.6114660683749134,-0.27510727814089586,-0.6320304390467357
0.5056007960576965,-0.9280439728943477,-0.4883056449447294,-0.20500137665156115
0.06547109612241431,0.8042124420902248,-1.0,-2.809568356127301
1.0,-0.4249751710579863,0.23402830104423744,4.198514997858496
1.0,0.2739169665109813,-0.5189019208163177,4.993795565305574
-0.5540801765855183,-0.31848815090084726,0.6941611747021816,0.8271073338435889
-0.8183523442568026,1.0,-0.97228448461535,4.057698212444581
0.26034179929517953,0.0022546966629277687,1.0,0.43840644796454786
0.9638518780824716,-0.28174194887840853,-0.3153816398988325,2.6410425772284736
1.0,-0.5582659270599737,-0.7994708810605431,5.20785367464737
0.4552064154149109,0.35845153256505813,0.00828798881076609,1.0095135771894364
-0.9900006320535091,1.0,1.0,17.760372487292813
-0.5829763545209004,1.0,-1.0,0.9059942728937737
0.9160378579458519,-0.6375738788168364,1.0,-0.16412330120547025
-0.2872490900874243,-0.9504626364880508,-0.6791666493970523,-1.4355170193693294
-0.46981758337114066,0.024139905608667522,-0.8779838121198835,-0.35689754368182997
0.8911951668309663,-0.022706477634458322,-0.789835131780446,3.0513466154791526
-1.0,0.9154563548044112,-0.23310368020427208,7.385526704279728
-1.0,0.07402474639723522,0.5977247227532076,-3.840149296245273
0.29729194923161106,-1.0,-0.5270522043325281,-2.071399224581556
0.6655396687668786,-0.10084461339188389,-0.7053028710414366,1.5550877476884568
-0.4277548741155095,-1.0,-1.0,-13.270499439340123
0.44740282795291786,-1.0,-1.0,-21.153187579066365
-0.839364046080449,0.23956513956477044,1.0,3.2460493724497472
-0.01359754551437753,0.058586933189749724,0.4728709717714845,0.7225656078237915
1.0,1.0,-0.42757320609139615,18.960361381856824
0.03519096426390589,1.0,-0.7917409709153507,10.04721230062104
0.5995116772293236,-1.0,-0.8001103174921442,-11.124269898122762
0.7045051198437178,-1.0,-0.408954485934963,-4.525406941330325
-0.8891077926349633,0.28296193517618407,-0.7933965945992729,2.1960615454043246
-0.899381505017778,0.20134747639945494,1.0,2.2534774170497958
0.2581351695136369,-0.6479980726663732,-0.499483036860086,1.618549284523017
0.19434158873699858,-0.6995981879274356,-0.02673935180231446,0.8843186759210299
-0.5053691127913804,0.9875933546011526,0.3142673691998188,4.579285903317132
0.9080340679606276,-0.8578824420627782,-0.9106384330519879,-7.667791318798566
0.6224637702311149,-0.8534326209076082,0.0743754723343979,-0.0447164746287928
1.0,-0.7945690248409987,0.7731249496521426,2.0733110351020585
-1.0,-0.6200918395319748,-1.0,5.094297978040889
-1.0,1.0,-0.8870565695830048,15.740687557218253
-0.06574119886122354,-0.6012942246133366,1.0,-1.8533934411165338
1.0,-1.0,-1.0,-29.805299246725184
-0.6985548704969133,1.0,-0.19476936237126075,4.312172169144718
1.0,-0.7883779090063707,-0.9366419809382698,-2.475653985277926
1.0,0.17490486725607157,0.3815488872005288,6.971801601327332
-0.6350972071557128,0.10931487155066288,-0.9183377345188388,0.2568002167648712
-0.9393447036140528,-0.2582772462634684,-0.4095637507143872,-2.171158937652312
0.1352497973464608,1.0,-1.0,4.512379327357533
0.08396194147895009,-1.0,-0.22225394524666386,2.343377320403157
0.7955926611999447,-1.0,-0.07563305856723179,-3.504534863011526
0.8408107260370672,-0.03914301010094645,-0.6665393915047451,2.4801948914677125
-0.5762688145807064,0.8441857788406619,0.9038507525039725,7.278507349581404
-0.6474188930230842,-1.0,0.48207883820952957,4.52517647225202
0.5853365114189126,0.11868110970529067,-1.0,-1.5322553501851552
-1.0,0.7549787664214616,1.0,10.470351952314374
0.9055635008885126,0.3439889923808934,-1.0,6.111053024272745
0.9181940913296525,-0.7765808656766773,-0.39730261583885995,-0.047578643829390366
0.0380938144197438,0.6067129723905718,1.0,4.689041796752983
1.0,-0.18345410973418153,-1.0,7.094497681249377
0.4665770710511121,0.5240762239951209,-0.7021864384520036,0.6796351381080021
0.17037061365689787,1.0,-0.6383534701690006,11.488684163917489
-0.03808293729504242,0.05183395546152347,0.09697069190502683,0.5197173632569835
0.2943054937424816,-0.34698979015300235,1.0,-2.0510297952761283
-1.0,0.1876710981444556,0.1995948502650069,-5.041124087254218
-1.0,0.26879582153666015,0.3922850244140399,-3.610437693078029
0.6117920777321024,-1.0,-0.29282785629177654,-1.742442252442503
-1.0,-0.07870892513233319,-0.8552352873301994,3.728008033142454
-0.21248904041916994,0.7849891715405235,0.017289657509333978,0.32431676060547066
-0.7361298214885732,-0.15764437013046617,-0.36101146587161415,-0.559461554342129
-0.9029840124435498,0.5091027470842735,-0.9076468938531217,5.266800589427252
-1.0,0.036159995093831165,-0.24569737347506027,-3.794930249531184
-1.0,0.5508119871336787,-0.8023464443347765,7.400028747249007
-1.0,0.271705909557866,-0.5563117512225406,0.1616222293275263
0.9233199557414526,0.28900679252034633,-1.0,5.898459529006809
-0.4540530010402719,-0.029386920781251602,-0.8037046313616767,-0.6672490691182525
0.25478889900468715,1.0,0.3333877402983414,6.943931448177485
-0.379887502142064,0.23637422344580905,0.8711372554773409,-0.28850070886365
1.0,0.10309699062469013,0.7774856140228141,9.331308746422243
-1.0,1.0,-1.0,21.891000585530367
-0.2693336991462778,-1.0,-0.13475030233305674,3.2780130989128704
-0.5608814885432201,-0.225971396722898,-0.6389407699425205,1.116222341572062
0.44993471700007115,0.7420005348801104,0.6035435341140363,2.59020034995154
-0.3788220129541102,-1.0,0.22806271556618296,2.7255795894108843
1.0,0.2882378510087167,-0.6941266446464958,5.813628034454534
1.0,-1.0,0.34673579870142013,-7.49364779120844
0.21015422608643108,0.5509610405984493,-0.08791779642713782,1.3651470432395165
0.7836108061263918,-0.03167013719160816,1.0,1.990892147935479
0.07626737615946455,-0.07213693567744794,0.8799820238163112,-0.1228456020874735
-0.1618665184850585,0.1077595871016126,-0.06786573916144101,-0.4735859131139119
1.0,-0.14741649468411833,0.6367280610270047,7.684751898748989
-1.0,-1.0,1.0,22.012806550859324
0.2250082918429388,0.06441377411513027,-0.08453441531388961,1.8381410496915764
0.2465758611411768,-0.5455061524906151,-1.0,-6.248210714437846
-0.1800616688732617,-0.8917113965025036,-0.14833041909607902,2.627216931934767
-0.3467314017494154,0.46568498610233555,-0.13281554006840568,-0.4769139695215826
-0.4522197834514181,0.9111831228963574,-0.02077177177088485,3.129498741883115
0.5057333210743522,0.10859227751121958,-0.1416504518218702,1.9313086502528152
-0.18510843317896564,-0.19629036805093447,1.0,-0.03433925349464571
0.7507130807670819,-0.57791091695737,-0.21187395763689088,1.2472009985848536
0.885196211302298,-0.09326330726639642,1.0,4.709476968812251
-0.2385944380849414,-0.030319227120150227,-1.0,-2.1611367433223654
0.6419216815152209,-0.5054955712145874,0.37364504605159743,1.105750841248084
-0.797642561370574,-0.6164857729800106,1.0,5.399853695835308
1.0,0.05998638230530062,0.710422430607226,8.999163995240634
-0.6536857264452272,1.0,-0.8249854546070152,1.5873120257386197
-0.15160063276740887,-0.6703135094088899,1.0,-1.6053486905309695
0.26835555735968253,0.31897119778481864,0.5646612637253574,1.0287999108811618
0.7251226742489467,-0.0721293922814279,-0.07056395522592229,2.2194288329480054
-0.17408458256644077,1.0,0.12445979946703023,6.830576905254335
-0.37886299181359107,-1.0,-0.7614631716738678,-4.1073556876570985
1.0,1.0,0.47080554817946685,13.693622035167753
0.6804980818192443,0.6512766728457189,-0.6967671034855514,1.9046771290345692
-0.33547132230135235,0.41346931345927085,0.1289029380625506,-1.149531848902873
0.5395911143717158,0.8951725329619813,0.5975681557556503,4.652997315424208
0.4691211849927477,1.0,-0.5264413590901862,11.77969941736128
-1.0,1.0,-1.0,21.79901833079959
0.1333802975766476,-0.446402040820578,0.7051155527477688,0.1412072356730419
-1.0,-0.23460543008392354,0.2600128331977174,-3.553710450717889
-0.012655206439041056,1.0,0.5188453407916545,7.8906775368194815
0.1723477828371407,0.010626515507621725,-0.006529707264920859,1.416590285727405
-0.53167328883359,0.6123870174809012,0.2541845998784389,-1.0758737462876866
0.8973959941161129,-0.7686062981278396,-0.9947516586359941,-8.259635350356413
1.0,0.4517963184366067,0.07831724125553396,6.7940662082382834
-0.04254395231514119,0.013794929777094733,0.915916734816862,-0.906190558098553
-0.3651520396237691,1.0,-0.5240727639743001,7.036987747941703
0.14733994117519678,0.09223314237528202,0.18004420879598193,0.5147422139964125
0.23599625016484693,1.0,0.2568696254913947,7.028285744936843
-1.0,1.0,-0.34608530490654776,11.539258271639241
0.014036856179221902,-1.0,0.5507353016973067,0.6015504883953995
-0.06153823563759753,0.5611132278432662,-0.041826007901959894,0.20518164294280228
-0.007189375185821634,-1.0,1.0,-7.012902935578872
0.3460236261327785,-1.0,-0.3811355228631781,-0.044262948675799246
1.0,-0.4670634038839314,0.9026642797013436,6.673707065536014
1.0,0.634612434354398,0.9020382598155898,19.754954053897947
1.0,0.46496896534882404,-0.016064961814654,7.483365500861376
-1.0,-0.0338681532607068,-0.7326344390564536,0.7557371431556759
-0.03337922206712829,-0.7662824881616372,-0.34221223471684414,2.002875502345367
-0.22624298618737515,-0.9363297816163101,-0.5179748572809537,0.7008915131406706
1.0,0.6757248830344289,-1.0,15.266438048258363
-0.30016152140777796,0.08674138390072605,-0.8393663623446412,-0.6915766099830444
0.13352860061191651,1.0,-0.5143596683282698,9.97013543131441
-1.0,-0.24575570772759492,-0.275433784651296,-3.5986468242825134
0.05702708943155521,-0.3099182222864376,1.0,-1.623867589749312
-1.0,-1.0,-0.4645283407154044,5.341550393087094
-0.6057122564830062,-0.06361878375849583,0.6300599113423491,-0.15689476902695582
-0.16304994959823715,-0.2792524862954979,1.0,-0.5840572747459196
-0.11142472673451675,-0.9577838291359579,-0.5494073562064998,0.0450779045787138
-0.3171163119269078,1.0,-0.07056550933783456,5.953687489858995
-0.33582237316921404,-1.0,0.7408474151433608,0.44662722884740347
0.453962547393832,-0.5957802325415369,-0.7274476960624598,-0.16026804725307578
-0.35319389560351944,-0.3445347874670299,0.6185953705809246,0.0640863261852565
0.8941294817976166,0.07839831188334823,1.0,8.298767845813984
0.3890152375743807,0.13252090150110685,-0.08351944311545245,1.4234870734377274
0.39723355269724836,0.8158390825736439,0.5406336125895659,2.67280364504204
0.26104439892299003,-1.0,-1.0,-19.422936452725867
0.6467056935900724,0.03821267327966016,0.8131764824972489,1.518619610181378
-0.3134504992746574,0.41475557328308366,0.9108493158966089,1.6069439020736849
0.9329807453436145,-0.1902559686705736,-0.08275442985914094,2.175607821104502
-0.8080631809825942,0.7144446916168283,0.2065770901266457,-2.931642531601429
1.0,-0.8799482309443099,0.5337467640113975,-1.556360401728548
-0.03643084432435795,0.36259582979327853,0.14366443640037074,0.6906843933281667
0.2916156560575902,-1.0,0.8281376578907362,-2.894838262770996
0.6018492406547538,-1.0,-0.7403589972865248,-9.347651414156704
0.3699832724985712,0.5824394586895556,-0.7042899302586407,1.4397053892016816
-1.0,0.1552627596506999,1.0,3.014909824816074
-0.6274448013682576,1.0,-0.06482589445305109,5.1181461295078226
-0.5710037136631272,0.353113950238233,-0.5853624609523933,-1.4805220673766784
-0.8363700058529484,-0.09069202555137967,1.0,3.7242025706431554
0.017522995197548408,-0.52649126492919,-0.4052897980236354,1.3596474058074581
-0.635344997162359,-1.0,-0.5654031238121502,1.6855919956724117
0.14736430350566354,-1.0,-1.0,-18.17660654565181
-1.0,1.0,-0.5799166969827982,12.71839409278509
0.6520088040535392,-0.21186379921317733,-0.3482458896144305,1.1168063353025086
0.34901782327367425,-0.3639999901745179,0.8634471229703427,-1.0540060379895655
-0.7051908246746836,1.0,-0.3325137322181071,4.6632614786785345
0.834006057178635,0.8271350158784643,-1.0,6.239923257658256
0.054594708363117306,-0.5242304595709117,-0.06257686460753153,0.558678644668115
-0.4821495374443383,0.9482368437803907,-1.0,-1.7732499050604216
0.9267138532386567,0.19553502290321223,-0.3738436257086535,3.552673929773216
1.0,1.0,0.2705141665154931,13.157015526121802
-0.6204371507300532,-0.8862482041031856,1.0,0.9714402661502282
0.20719820856171567,0.6404216410746923,-0.6414180781410184,0.30339618083778586
0.7607096190655132,0.5872513870585618,0.44478113368536887,3.3020453738949818
0.31439838348562943,-1.0,0.12782488595881958,0.8611541547744237
1.0,0.6837392950324221,-0.45383459705895945,6.448811313182009
-0.723522482325978,-1.0,0.10492357501385685,5.852750200185421
-0.17527922414020924,-0.3733829884617281,0.5031301768584222,0.7473687046460147
1.0,1.0,-0.014820250929820089,14.55467301137229
1.0,1.0,-0.8378734411146038,32.08919726686934
0.14348298700805806,-1.0,0.18795098571999858,2.1039808859758575
-1.0,1.0,1.0,17.248970878170443
0.8101798975325114,1.0,1.0,15.175576779056605
-0.709284701727424,-0.2740208876114927,-0.48561122592489103,0.4541772435960337
-0.24713914232557976,1.0,-0.002541533648058536,7.592791142529961
-1.0,0.9160500091162593,1.0,14.219102318536285
0.402138209233482,-0.5784837634967492,0.06692898800555191,1.2886194038379226
-0.4697911808509896,-0.04922696698672735,1.0,1.5170026349116308
1.0,-0.31672423039227615,0.8864965912726752,7.551266317228537
-0.5768133886224667,-0.12052712095874618,0.9241672939818768,1.2710847718129124
-0.8637852653886082,-0.7417074838447129,-0.04042470791615349,2.6539274987121977
-0.20754627604656095,-0.47826342232517294,-0.6929561956666057,1.1538470449590215
-0.39898142729577835,0.25577986987853096,-0.67473284276151,-0.8834556598097015
-0.02125494547176654,-1.0,0.014800653301119793,2.1351207470521905
0.5110909222477331,-0.39778987152906353,0.16638810888242928,1.8511827766222457
-1.0,1.0,-0.5015331827096763,12.475791066604573
0.15136155203485102,-0.694077586614041,0.4204068776713221,1.031050213739095
-0.9922072698914453,-0.2246190853707366,-0.03889433693722699,-3.0495947213408585
-1.0,-0.9755271563603576,0.55153748623135,11.921959636694353
0.31065983763771654,-0.15990418130996464,0.012472009694114883,0.8675067621775447
-1.0,-0.12230335621750399,1.0,3.6880295128224967
-0.8928300915148029,0.5661864257585831,-0.7126025473525541,1.4941930630335012
0.612347563188711,-1.0,1.0,-6.770412973488873
-0.1611941513411579,1.0,-0.5894191567089069,9.36990698254714
-0.9780215306674722,-0.2041489035699311,-0.1196463959031786,-2.2027962322357504
-0.8773630678481559,-0.8690186343591166,0.3187613316674418,5.493782138091594
-0.583375196549234,-0.9049201698318419,-1.0,-6.994046394813731
-0.688357473765473,-1.0,-0.050794853919128746,5.1816492515081185
0.0750665280630416,0.051827606074069665,-1.0,-3.011176307523406
0.6160605552422282,-0.5610162584805884,0.014904930287916063,0.8354076404694857
-0.1121158897145671,-0.09170437153639832,0.35857303780353167,0.1666154158760328
-0.678071616328185,-0.9571737920283063,-1.0,-6.150589786943282
0.06836600076966026,1.0,-1.0,4.480298237024593
-0.03325074934202554,1.0,-0.2424739769566211,9.72110784112046
0.16976231196090596,0.5429105344921143,0.2787924352058422,0.4997261321694525
-0.015438303640995077,0.3135226909333457,1.0,1.400843726195288
-0.7635704930948015,0.17997768311158446,-1.0,3.606855925234054
-0.8672870147224825,0.10420725883880277,0.13485633432405164,-3.2238522489945067
-0.9921055396815854,0.9443274014599441,-1.0,19.699952079355814
0.4210973285394082,-0.6075241531366256,-0.3892358724947953,1.4478749480555606
-0.41147370675756756,-0.8592730760417724,0.4634257948650544,2.0743082806710076
1.0,-0.9857355984373335,-0.22475993214358825,-7.134437416835495
-0.2055660053305457,0.803743095615632,-0.3978193135332333,1.2364101566377468
-0.6274507208467104,0.6113170299058994,-0.3035129991933545,-2.1584027495205915
-0.14159777632084292,-1.0,-0.12775805060825252,1.9544467188666612
0.8545804943476305,0.6250318119959388,1.0,14.134811444982654
0.03059826536877841,0.48511817865694384,-0.13682877588883735,0.7453858669249669
-0.20464486032917772,0.425862458035132,-0.6077504670706919,-0.30006081548272795
-1.0,-1.0,-1.0,2.806401351524778
1.0,0.19513627289865076,-0.2013941451500234,4.440003514538202
0.2702494540215934,-1.0,0.08521336240843547,1.1217506061439688
-1.0,0.13045653707896165,0.7015703429464817,-3.01558267657733
0.2280216215082207,-0.7410926889278895,-1.0,-9.801601521805202
0.7136262282375778,1.0,0.34949277797016154,6.903422225184626
-0.5500664281247429,-0.538741159123767,-0.4302520635917624,1.0144071378974706
0.614377460361994,-0.3145193151952974,-0.8664808156172257,-0.4200132055330582
-0.23835109990832515,0.5474103395014083,-0.36681937447711244,-0.0985221968161285
0.09939925746213274,-0.9771877697143767,1.0,-6.550782257530181
0.44303950066151954,-0.14072722806137072,1.0,-1.3845737201886164
0.3715916259204446,-0.45165593469466203,-0.052203270335269725,0.898692427888159
-0.466882306302687,0.027230582542058457,0.32275134106633674,-0.4403436049540267
0.7144537151425507,-0.9083814018917717,1.0,-5.1061202412826505
0.8033820942129153,0.5105696265060362,1.0,9.672553303085566
0.43156465700883473,-0.18144963770558897,0.3001690586135455,1.970705032234173
1.0,0.18834410343013452,0.7442875692013937,10.066298203543687
0.13235646287592928,0.9288805467019494,-1.0,0.632913198056194
-0.7006152655156528,1.0,-0.8875038538319135,1.0908298307433837
-0.17330136616292702,0.09209197597839003,-0.8430313052898046,-0.4549564503845325
-0.08566881119477299,-0.8095116189116396,0.8814063324729129,-1.9952164666519634
0.9483339958089803,-0.2794045984315725,-0.08293904141266939,2.868724700789977
-1.0,0.5208289409721905,-1.0,17.783057932044837
0.5807691488756503,1.0,-1.0,9.012031841847897
-0.6940287565072683,-0.5764914611468124,-1.0,0.13059783847179668
-0.5339869577482004,-0.9994881991257221,1.0,-1.7773838828816486
0.38023277969764213,0.510869045465755,0.9916816575554364,3.0132420699566222
0.48805873444538994,-0.7666041434007416,0.30520433877014286,0.21873805257004697
-0.3079241353612088,-0.17890743425016664,0.9707025878535935,0.331868497301209
-0.8561746751489197,0.04495379675809419,0.046258566693649694,-2.279149341003664
-0.8718514992722006,0.3201759981257257,1.0,3.4971159081974776
-0.3478899451725188,-0.09242372489390505,0.12050155786619032,-0.2814869914133361
0.10102684757287261,0.6709222154657666,-0.7875160144078897,0.34940272434168324
-1.0,0.8547578322708775,0.510678785779499,-2.4000305738640337
1.0,-0.15794788460731102,-0.5892406128012535,5.739384992453905
0.468207598160961,1.0,-0.12996727491357407,8.618783242588218
0.391553844303943,0.6901441945435791,0.856066967644872,4.063830182877981
0.5227558150147815,-1.0,-0.2565286801938551,-0.48304320784404037
0.2456451475684449,-0.08951247588121891,0.4044850064167176,1.3001204139830262
-0.4485269272143455,-0.8910766838722834,0.7668486837205135,0.6586598466001949
-0.6986466657703763,-0.9666004599547493,1.0,2.3641024380385596
0.5576003455436394,-0.22586324579730643,-1.0,-3.429114938462363
1.0,0.3142564940561725,-0.971490838185445,10.102104396087544
0.3173601134562605,0.25969826726941725,-0.06374677116409333,0.8438462403953406
1.0,0.10531319144500362,0.07067728582358335,5.571037986408125
0.757959602553558,0.18676100739616097,1.0,4.027097133237747
-0.30172107082503685,0.043770680715176535,-1.0,-2.579279850698136
1.0,-0.7556113019800899,1.0,0.7199256076301779
-0.0481778729849216,1.0,-0.7115580250258173,8.60236588256962
-1.0,1.0,0.4524660238766407,2.508534970941029
0.19395336421940113,-0.9384402097854907,-0.23663012390163085,1.5292147165066827
0.08610816981668679,0.15437712762858302,0.5674883186029873,-0.00746309527633221
-1.0,1.0,-0.023103034403130218,8.253834728366586
0.18477917723265458,0.7423979915796737,-0.6978385163008316,1.7109104282552154
0.7720682939235821,1.0,0.35307009981221804,7.518844750550663
1.0,0.1426754137489168,-0.5531562788658486,5.140302188720145
0.03200646754570746,-0.7560864794031603,-0.26481123437365417,1.5586194592170866
0.5685849384653621,-0.6666026793995767,-0.3264704620312069,1.0002922349072063
0.8080583291392502,0.6651598906865002,-0.4420239755446478,2.1842448089079287
-0.7354446658072897,1.0,0.7035220482381164,5.608810788192747
-0.29144835220198306,-0.7663129210955846,0.16288353388847177,1.649608761826162
0.12614563664560063,0.8121219434911222,1.0,7.130042380410532
-1.0,0.8611224144316976,-0.6211047751975527,8.893983705560705
0.5135650906564415,-1.0,-1.0,-22.348434421673144
-0.20163971004519565,-0.3155901749567156,0.31502431344158155,0.8622759575230992
1.0,0.36172068093569076,-0.1375131789227435,5.45440395863719
0.026214083666658006,-0.007171249081131981,0.688604189341188,0.612948488293652
-0.9937646825195494,0.11981384822847452,0.9250066341069709,1.2421949972797401
0.6481650411892517,-0.5709969504859278,0.3378990266688584,0.8062228578988653
-0.10575490507704988,0.533645637130185,-0.18272660807332342,0.31179246052961723
-0.2545750132112439,1.0,-1.0,2.0729402067043443
-0.3890631902477568,0.7267243345244105,-0.966484848953348,-3.6037400870060865
-0.2828727114216576,1.0,0.5125704664181461,7.770582131763751
0.3907016918494437,-0.8301634177167212,0.8250179670572895,-1.8060538712426473
-0.15565167286741333,0.187198749541436,-0.30709612268672437,-0.11861938697147892
-0.7860546838451861,1.0,1.0,15.52614343668786
0.02952807069716301,0.1778357119469145,0.5471597632044451,1.031676334415361
-0.37308425317379856,-1.0,0.8855306578656279,-1.9525515650206324
0.4566824936600933,-0.2259164312252362,0.7631092097768157,1.1648075770149702
1.0,-0.42499050450594567,-0.6279877461488306,5.2749146678126975
-0.8724564935272967,0.1270541018069149,-0.22974658927025882,-2.0551006055020657
0.22983348822964422,0.8112772015982697,-0.09399734440498775,2.1690102308396466
-0.04992301176790859,1.0,0.5094111380545108,7.482592524089649
0.17765195465907357,-0.9954885266322842,-1.0,-18.39382320434327
1.0,0.5574774053206653,0.18847948921768065,7.315956955016373
-0.628439208501421,-0.8401200426812596,-0.6157817304174125,0.707247565119141
0.3011540097928722,-1.0,0.15764650215107956,0.3931262907004358
-0.7686367236296139,0.1559445053617119,-1.0,3.7604631469922145
1.0,1.0,-0.6244031005840509,23.06098562854649
-1.0,0.002084116179688289,0.4558144089106464,-4.268744304074475
0.8363166661243291,0.6265174030526339,0.21176345467777757,3.9891412635619923
-0.5975896379538372,-0.6580047021135418,-0.5020267879125184,1.1596306327924275
-0.4045033771805473,0.7460099891952572,-0.5602071519788612,-0.09197710154881539
-1.0,0.45377035256395626,1.0,4.900404854622268
-0.26334410858846025,0.4437409840377835,0.7025716238389936,0.6086014697157595
0.21919212908000296,0.43048890489270963,-1.0,-3.430068794500352
-1.0,-0.05015983441866134,-1.0,10.122177523405677
-0.4822936365022523,0.5413086157703715,0.9318318014333316,2.2752309117599996
1.0,-0.3800975937055624,0.972318541908822,6.480662635676693
-0.24099429674633077,0.9183506742673699,-1.0,-1.835667399593661
0.3158329159878883,0.16437398808693882,0.6224301144073809,0.46289884840295625
0.263858645070284,0.005215597357302704,1.0,-0.42309745649605657
-0.7887013295361716,-0.8518292010149244,-0.3664989224950552,4.168932064714134
-1.0,0.9959241447230951,0.5534054534045023,1.4540046637727806
-0.4449587081644437,-0.21437468197752074,-0.6136068198781175,-0.3883125252634332
